family,rank,token,family_count,family_response_count,other_count,smoothed_log_frequency_ratio
ChatGLM,1,casting,52,41,0,4.3669231649076075
ChatGLM,2,tranquility,42,37,0,4.157831367049049
ChatGLM,3,align,36,32,0,4.007549163999711
ChatGLM,4,rustle,27,25,0,3.7288357615306893
ChatGLM,5,ultimately,210,194,7,3.6690478431517164
ChatGLM,6,rustling,50,46,1,3.635309703519866
ChatGLM,7,noting,69,66,3,3.2588321322849545
ChatGLM,8,bustling,30,26,1,3.137471275280687
ChatGLM,9,chirping,39,36,2,2.9868984168013135
ChatGLM,10,additionally,275,256,22,2.881537901143486
Flan-T5,1,len,37,19,45,2.417499489345105
Flan-T5,2,yes,229,229,548,1.7385355935214806
Flan-T5,3,click,67,37,196,1.544858702545934
Flan-T5,4,inside,52,52,227,1.149501010705496
Flan-T5,5,input,33,15,189,0.8878911785634909
Flan-T5,6,outside,58,53,329,0.8869995155530095
Flan-T5,7,town,34,31,217,0.7794077248081397
Flan-T5,8,blue,30,17,195,0.7644272713624449
Flan-T5,9,scene,81,77,599,0.6183443181559225
Flan-T5,10,fish,32,17,248,0.5876093911095879
MPT,1,printf,215,60,1,4.414763385338228
MPT,2,char,76,35,0,4.076437580067692
MPT,3,stdio,123,65,1,3.8597665432590986
MPT,4,scanf,44,23,0,3.5392946479843275
MPT,5,nearly,44,41,0,3.5392946479843275
MPT,6,funny,44,26,0,3.5392946479843275
MPT,7,edited,43,35,0,3.5168217921322693
MPT,8,director,43,32,0,3.5168217921322693
MPT,9,cin,37,11,0,3.3702183179403935
MPT,10,shouldn,33,26,0,3.2589926828301685
