architecture,input_mode,family,precision,recall,f1-score,support
cnn,input_only,ChatGLM,0.3333333333333333,0.4444444444444444,0.38095238095238093,900.0
cnn,input_only,Flan-T5,0.3333333333333333,0.3288888888888889,0.33109619686800895,900.0
cnn,input_only,MPT,0.3333333333333333,0.22666666666666666,0.2698412698412698,900.0
cnn,output_only,ChatGLM,0.9289558665231432,0.9588888888888889,0.9436850738108256,900.0
cnn,output_only,Flan-T5,0.960352422907489,0.9688888888888889,0.9646017699115044,900.0
cnn,output_only,MPT,0.9942062572421785,0.9533333333333334,0.9733408961996597,900.0
cnn,input_output,ChatGLM,0.9469525959367946,0.9322222222222222,0.9395296752519597,900.0
cnn,input_output,Flan-T5,0.9525909592061742,0.96,0.9562811289429994,900.0
cnn,input_output,MPT,0.9757442116868799,0.9833333333333333,0.9795240730492529,900.0
lstm,input_only,ChatGLM,0.3333333333333333,0.2577777777777778,0.2907268170426065,900.0
lstm,input_only,Flan-T5,0.3333333333333333,0.18222222222222223,0.23563218390804597,900.0
lstm,input_only,MPT,0.3333333333333333,0.56,0.417910447761194,900.0
lstm,output_only,ChatGLM,0.9257265877287406,0.9555555555555556,0.9404045926735921,900.0
lstm,output_only,Flan-T5,0.971395881006865,0.9433333333333334,0.9571589627959414,900.0
lstm,output_only,MPT,0.9821627647714605,0.9788888888888889,0.9805230940456316,900.0
lstm,input_output,ChatGLM,0.9676339285714286,0.9633333333333334,0.965478841870824,900.0
lstm,input_output,Flan-T5,0.9757442116868799,0.9833333333333333,0.9795240730492529,900.0
lstm,input_output,MPT,0.9866220735785953,0.9833333333333333,0.9849749582637729,900.0
