architecture,input_mode,grouping,group,prompts,responses,correct,accuracy
cnn,input_only,domain,coding,12,36,12,0.3333333333333333
cnn,input_only,domain,math,1,3,1,0.3333333333333333
cnn,input_only,domain,other,880,2640,880,0.3333333333333333
cnn,input_only,domain,writing,7,21,7,0.3333333333333333
cnn,input_only,source,dolly_15k,98,294,98,0.3333333333333333
cnn,input_only,source,unified_chip2,802,2406,802,0.3333333333333333
cnn,output_only,domain,coding,12,36,34,0.9444444444444444
cnn,output_only,domain,math,1,3,2,0.6666666666666666
cnn,output_only,domain,other,880,2640,2536,0.9606060606060606
cnn,output_only,domain,writing,7,21,21,1.0
cnn,output_only,source,dolly_15k,98,294,250,0.8503401360544217
cnn,output_only,source,unified_chip2,802,2406,2343,0.9738154613466334
cnn,input_output,domain,coding,12,36,34,0.9444444444444444
cnn,input_output,domain,math,1,3,2,0.6666666666666666
cnn,input_output,domain,other,880,2640,2533,0.959469696969697
cnn,input_output,domain,writing,7,21,19,0.9047619047619048
cnn,input_output,source,dolly_15k,98,294,246,0.8367346938775511
cnn,input_output,source,unified_chip2,802,2406,2342,0.9733998337489609
lstm,input_only,domain,coding,12,36,12,0.3333333333333333
lstm,input_only,domain,math,1,3,1,0.3333333333333333
lstm,input_only,domain,other,880,2640,880,0.3333333333333333
lstm,input_only,domain,writing,7,21,7,0.3333333333333333
lstm,input_only,source,dolly_15k,98,294,98,0.3333333333333333
lstm,input_only,source,unified_chip2,802,2406,802,0.3333333333333333
lstm,output_only,domain,coding,12,36,34,0.9444444444444444
lstm,output_only,domain,math,1,3,3,1.0
lstm,output_only,domain,other,880,2640,2532,0.9590909090909091
lstm,output_only,domain,writing,7,21,21,1.0
lstm,output_only,source,dolly_15k,98,294,248,0.8435374149659864
lstm,output_only,source,unified_chip2,802,2406,2342,0.9733998337489609
lstm,input_output,domain,coding,12,36,36,1.0
lstm,input_output,domain,math,1,3,2,0.6666666666666666
lstm,input_output,domain,other,880,2640,2578,0.9765151515151516
lstm,input_output,domain,writing,7,21,21,1.0
lstm,input_output,source,dolly_15k,98,294,269,0.9149659863945578
lstm,input_output,source,unified_chip2,802,2406,2368,0.9842061512884456
