family,feature,responses,mean,median
ChatGLM,characters,4200,787.0228571428571,856.5
ChatGLM,word_tokens,4200,136.82071428571427,150.0
ChatGLM,newlines_per_100_words,4200,4.614938141200851,3.5502958579881656
ChatGLM,punctuation_per_100_words,4200,20.673512741153058,16.363636363636363
ChatGLM,digit_percent,4200,0.9020955584894725,0.38059025891725506
ChatGLM,unique_word_percent,4200,59.12766768857286,56.29384351238656
Flan-T5,characters,4200,64.68380952380953,36.0
Flan-T5,word_tokens,4200,12.186666666666667,7.0
Flan-T5,newlines_per_100_words,4200,0.0,0.0
Flan-T5,punctuation_per_100_words,4200,12.782907649516694,6.451612903225806
Flan-T5,digit_percent,4200,4.340561190951783,0.0
Flan-T5,unique_word_percent,4200,92.27304740540892,100.0
MPT,characters,4200,1099.7645238095238,1113.0
MPT,word_tokens,4200,201.58714285714285,208.0
MPT,newlines_per_100_words,4200,11.89558872200402,2.3866484392800182
MPT,punctuation_per_100_words,4200,40.72619782611955,15.051153565090303
MPT,digit_percent,4200,0.6628981461517662,0.17865150429513643
MPT,unique_word_percent,4200,49.69172504993921,50.78534031413613
