prompt_id,true_family,predicted_family,domain,source_id,probability_ChatGLM,probability_Flan-T5,probability_MPT
24a5726ce5077f98a6883ed8e033605a187abceb3ee451384717cf1cda058a9c,MPT,MPT,coding,unified_chip2/98425,1.0064957594547646e-20,6.874156647289967e-22,1.0
24a5726ce5077f98a6883ed8e033605a187abceb3ee451384717cf1cda058a9c,Flan-T5,Flan-T5,coding,unified_chip2/98425,1.6880372655236897e-09,1.0,2.0572306878852142e-12
24a5726ce5077f98a6883ed8e033605a187abceb3ee451384717cf1cda058a9c,ChatGLM,ChatGLM,coding,unified_chip2/98425,0.9994096755981445,1.7266019546719434e-14,0.0005903333076275885
0600e34b3e81d477706050b89efbc94e8124bdc10ec1392a748441cc014c1176,Flan-T5,Flan-T5,coding,unified_chip2/93204,1.4321650532167496e-09,1.0,1.0635209313420487e-14
0600e34b3e81d477706050b89efbc94e8124bdc10ec1392a748441cc014c1176,MPT,MPT,coding,unified_chip2/93204,2.1124191941024675e-14,2.632335870710765e-17,1.0
0600e34b3e81d477706050b89efbc94e8124bdc10ec1392a748441cc014c1176,ChatGLM,ChatGLM,coding,unified_chip2/93204,1.0,6.948753483218554e-19,5.296917127139977e-09
5d1d55201d3d9af415b22ebe793cfda359e171c56a2b8886035c362e67854749,ChatGLM,ChatGLM,coding,unified_chip2/114754,1.0,1.2911333379392667e-14,3.742169768505832e-12
5d1d55201d3d9af415b22ebe793cfda359e171c56a2b8886035c362e67854749,Flan-T5,Flan-T5,coding,unified_chip2/114754,0.0010479255579411983,0.9989520311355591,2.1223595103592174e-10
5d1d55201d3d9af415b22ebe793cfda359e171c56a2b8886035c362e67854749,MPT,MPT,coding,unified_chip2/114754,5.5311838753940725e-18,5.100305830357324e-20,1.0
f45f32c95e96e0ea1a56311650a048b7872aae70f99f8bc057f19364bb0f3df8,Flan-T5,MPT,coding,unified_chip2/98655,1.1534513078004238e-06,0.0036367063876241446,0.9963621497154236
f45f32c95e96e0ea1a56311650a048b7872aae70f99f8bc057f19364bb0f3df8,ChatGLM,ChatGLM,coding,unified_chip2/98655,1.0,2.045834272931986e-14,1.3762210038237299e-08
f45f32c95e96e0ea1a56311650a048b7872aae70f99f8bc057f19364bb0f3df8,MPT,MPT,coding,unified_chip2/98655,0.0022827291395515203,3.1951123604517795e-12,0.9977172613143921
091e6f74bb5f20fe86cf6b1f5dfb041808b4b79e4fccc081bd9dfa5a6d95bcad,ChatGLM,ChatGLM,coding,unified_chip2/152632,1.0,7.765313774994503e-16,7.584396706592639e-14
091e6f74bb5f20fe86cf6b1f5dfb041808b4b79e4fccc081bd9dfa5a6d95bcad,Flan-T5,Flan-T5,coding,unified_chip2/152632,4.2766851038322784e-07,0.9999995231628418,2.3517696678965194e-09
091e6f74bb5f20fe86cf6b1f5dfb041808b4b79e4fccc081bd9dfa5a6d95bcad,MPT,MPT,coding,unified_chip2/152632,5.185860345591209e-07,5.146184246427286e-15,0.9999995231628418
88278ecf7de6cffda96eb332cd56913fba918291f47d05411ce7a62673d7d376,MPT,MPT,coding,unified_chip2/67637,3.0499410635264274e-18,3.560280316762552e-17,1.0
88278ecf7de6cffda96eb332cd56913fba918291f47d05411ce7a62673d7d376,ChatGLM,ChatGLM,coding,unified_chip2/67637,0.9999969005584717,1.0895400894158063e-14,3.155092599627096e-06
88278ecf7de6cffda96eb332cd56913fba918291f47d05411ce7a62673d7d376,Flan-T5,Flan-T5,coding,unified_chip2/67637,8.151114783139235e-10,1.0,2.5782326273926515e-10
30fba59fe1114359f21c031141f77144d45b3a431c5f872640f3b9b9df9ab8bc,Flan-T5,Flan-T5,coding,unified_chip2/1196,7.224831843899437e-11,1.0,1.0705888432716026e-11
30fba59fe1114359f21c031141f77144d45b3a431c5f872640f3b9b9df9ab8bc,MPT,MPT,coding,unified_chip2/1196,1.1645323594322576e-10,9.623563881552832e-13,1.0
30fba59fe1114359f21c031141f77144d45b3a431c5f872640f3b9b9df9ab8bc,ChatGLM,ChatGLM,coding,unified_chip2/1196,0.9999818801879883,2.8247189743507706e-12,1.812459777283948e-05
e07c78fe8eb8d166d110b18779f71c2c91f285089b1a2ffd07547876b15ed812,Flan-T5,Flan-T5,coding,unified_chip2/56821,7.944050821606652e-07,0.9999991655349731,2.352428252194727e-09
e07c78fe8eb8d166d110b18779f71c2c91f285089b1a2ffd07547876b15ed812,MPT,MPT,coding,unified_chip2/56821,0.00020083521667402238,2.545021970945527e-10,0.9997991919517517
e07c78fe8eb8d166d110b18779f71c2c91f285089b1a2ffd07547876b15ed812,ChatGLM,ChatGLM,coding,unified_chip2/56821,0.9999988079071045,1.8186427570062585e-14,1.2096742239009473e-06
eb041b9851cc2ee88053d38ac543f2b3777be1ebb8960a403392bdcf5e693c5b,MPT,MPT,coding,unified_chip2/148327,4.990777582869477e-11,4.464588903991249e-16,1.0
eb041b9851cc2ee88053d38ac543f2b3777be1ebb8960a403392bdcf5e693c5b,ChatGLM,ChatGLM,coding,unified_chip2/148327,1.0,6.586565784936474e-16,1.4230425171568584e-10
eb041b9851cc2ee88053d38ac543f2b3777be1ebb8960a403392bdcf5e693c5b,Flan-T5,Flan-T5,coding,unified_chip2/148327,1.9903814973076805e-05,0.999980092048645,1.405214344885053e-08
86f35a6e9c5eed3ea077bec0681fb682581f2232713e16a559cde798708fabfd,Flan-T5,Flan-T5,coding,unified_chip2/75038,5.232606054050848e-05,0.9999284744262695,1.9248434909968637e-05
86f35a6e9c5eed3ea077bec0681fb682581f2232713e16a559cde798708fabfd,MPT,MPT,coding,unified_chip2/75038,6.801365894093525e-12,1.5544019410752772e-20,1.0
86f35a6e9c5eed3ea077bec0681fb682581f2232713e16a559cde798708fabfd,ChatGLM,ChatGLM,coding,unified_chip2/75038,0.9999998807907104,1.2315246478850073e-13,8.146148644527784e-08
010d5fdecd51a899093899c597d5be3e76036c6306ef965b3285dc7abeb8e0a2,Flan-T5,Flan-T5,coding,unified_chip2/7132,6.260481313802302e-06,0.9999934434890747,2.505467762148328e-07
010d5fdecd51a899093899c597d5be3e76036c6306ef965b3285dc7abeb8e0a2,MPT,MPT,coding,unified_chip2/7132,2.200954440922942e-05,2.2134183375044358e-10,0.9999779462814331
010d5fdecd51a899093899c597d5be3e76036c6306ef965b3285dc7abeb8e0a2,ChatGLM,ChatGLM,coding,unified_chip2/7132,1.0,9.426295091978943e-16,4.3994997867002894e-08
d4ed7de52952ee72c931fbdbe7eaa65145926187f970bf4b342c8027f58081b2,MPT,MPT,coding,unified_chip2/163744,4.846397263537361e-15,4.255476983393354e-17,1.0
d4ed7de52952ee72c931fbdbe7eaa65145926187f970bf4b342c8027f58081b2,ChatGLM,ChatGLM,coding,unified_chip2/163744,1.0,4.901393418736688e-15,7.257558110040918e-09
d4ed7de52952ee72c931fbdbe7eaa65145926187f970bf4b342c8027f58081b2,Flan-T5,Flan-T5,coding,unified_chip2/163744,0.0005035389331169426,0.9994962215423584,1.882537645769844e-07
a771473ca93954005a50fe4e9844eef322ae3a1b341e101b78aac92d8db0f02d,Flan-T5,Flan-T5,coding,unified_chip2/89913,1.3077509208869742e-07,0.9999998807907104,1.4821217170224443e-11
a771473ca93954005a50fe4e9844eef322ae3a1b341e101b78aac92d8db0f02d,ChatGLM,ChatGLM,coding,unified_chip2/89913,0.9999996423721313,2.683996179876722e-14,3.474103493772418e-07
a771473ca93954005a50fe4e9844eef322ae3a1b341e101b78aac92d8db0f02d,MPT,MPT,coding,unified_chip2/89913,5.83992354474816e-10,7.204783667186886e-18,1.0
5a3f5493565f27d2a36ba80b095dbde7f6b83a77fecc9d08dcc73a6111d0eaae,MPT,MPT,coding,unified_chip2/102981,6.959939623327888e-14,2.273731333421458e-12,1.0
5a3f5493565f27d2a36ba80b095dbde7f6b83a77fecc9d08dcc73a6111d0eaae,ChatGLM,ChatGLM,coding,unified_chip2/102981,0.9999969005584717,1.4008580779090729e-18,3.156982756991056e-06
5a3f5493565f27d2a36ba80b095dbde7f6b83a77fecc9d08dcc73a6111d0eaae,Flan-T5,Flan-T5,coding,unified_chip2/102981,6.34136920751871e-09,1.0,1.936087921927676e-11
df4c34a6815317b6ef81b1761e16187fe449ebd92776b2a3f6615d6d2da73430,MPT,MPT,coding,unified_chip2/138292,8.658892737799979e-18,6.503416502020138e-19,1.0
df4c34a6815317b6ef81b1761e16187fe449ebd92776b2a3f6615d6d2da73430,Flan-T5,Flan-T5,coding,unified_chip2/138292,1.4451828747041873e-06,0.9999985694885254,3.1578789361219606e-08
df4c34a6815317b6ef81b1761e16187fe449ebd92776b2a3f6615d6d2da73430,ChatGLM,ChatGLM,coding,unified_chip2/138292,1.0,4.1668437363723276e-14,3.42335511049896e-08
41c1a5e77c3d8f063d734ae545d52cff686e50d5bf1144aad8eb8cc05f81e574,ChatGLM,ChatGLM,coding,unified_chip2/164271,1.0,2.555180459579143e-13,2.0677974887917117e-08
41c1a5e77c3d8f063d734ae545d52cff686e50d5bf1144aad8eb8cc05f81e574,MPT,MPT,coding,unified_chip2/164271,6.288015258391303e-16,4.484189317605795e-21,1.0
41c1a5e77c3d8f063d734ae545d52cff686e50d5bf1144aad8eb8cc05f81e574,Flan-T5,Flan-T5,coding,unified_chip2/164271,2.2197258431333466e-07,0.9999991655349731,5.64431275051902e-07
d925e32ef1f0268b112f8c1c2b1488a78deeae32a2863fe1f21587eadd01bf66,Flan-T5,Flan-T5,coding,unified_chip2/108450,5.1960538257844746e-05,0.9999480247497559,8.168468568214848e-09
d925e32ef1f0268b112f8c1c2b1488a78deeae32a2863fe1f21587eadd01bf66,ChatGLM,ChatGLM,coding,unified_chip2/108450,1.0,2.959651490560904e-15,1.2857301889823702e-09
d925e32ef1f0268b112f8c1c2b1488a78deeae32a2863fe1f21587eadd01bf66,MPT,MPT,coding,unified_chip2/108450,5.086442906778322e-16,1.1975670169419555e-19,1.0
66acf9f23380a4bded664d5c865d3bbc929809b95c178d0d62800319a4f57693,ChatGLM,ChatGLM,coding,unified_chip2/35129,0.9999969005584717,2.295002517924902e-17,3.1057656997290906e-06
66acf9f23380a4bded664d5c865d3bbc929809b95c178d0d62800319a4f57693,Flan-T5,Flan-T5,coding,unified_chip2/35129,1.7067447970475769e-06,0.9999983310699463,2.8130486828814583e-09
66acf9f23380a4bded664d5c865d3bbc929809b95c178d0d62800319a4f57693,MPT,MPT,coding,unified_chip2/35129,0.4884108006954193,1.4836975424259435e-05,0.511574387550354
16e279d39c72c70924f90a113c85adcb96ddc2efcb71bf23c57bcb957239c2cf,MPT,MPT,coding,unified_chip2/20098,8.373222115665158e-10,1.0421336690464663e-17,1.0
16e279d39c72c70924f90a113c85adcb96ddc2efcb71bf23c57bcb957239c2cf,Flan-T5,Flan-T5,coding,unified_chip2/20098,7.141200057958486e-07,0.9999992847442627,1.1010395928323646e-09
16e279d39c72c70924f90a113c85adcb96ddc2efcb71bf23c57bcb957239c2cf,ChatGLM,Flan-T5,coding,unified_chip2/20098,0.3836730420589447,0.6141126155853271,0.0022143174428492785
601ab0efd54d35f5a170113e44f7676a6d438ba3f1910696b797df7b1e38783a,MPT,ChatGLM,coding,unified_chip2/72840,0.7017703652381897,1.0223031188943965e-12,0.2982296645641327
601ab0efd54d35f5a170113e44f7676a6d438ba3f1910696b797df7b1e38783a,ChatGLM,ChatGLM,coding,unified_chip2/72840,0.9891319870948792,2.6004462052122736e-14,0.010868002660572529
601ab0efd54d35f5a170113e44f7676a6d438ba3f1910696b797df7b1e38783a,Flan-T5,Flan-T5,coding,unified_chip2/72840,1.2313603292568587e-07,0.9999998807907104,5.271640762805063e-12
c2ed54f68df12dc0f79df4bc1cdb9fafe1596822e6266232cf7c929c67158b6b,Flan-T5,Flan-T5,coding,unified_chip2/70647,0.0008124213200062513,0.999187171459198,3.9480659097534954e-07
c2ed54f68df12dc0f79df4bc1cdb9fafe1596822e6266232cf7c929c67158b6b,ChatGLM,ChatGLM,coding,unified_chip2/70647,0.9999845027923584,1.6059707410491855e-14,1.5475266991415992e-05
c2ed54f68df12dc0f79df4bc1cdb9fafe1596822e6266232cf7c929c67158b6b,MPT,MPT,coding,unified_chip2/70647,3.328775102784398e-11,1.5318833049577377e-16,1.0
60a8322ad28d60339cb1cfe70f12f0184f091370bbb5b9e52eb3fcfadcf1d948,Flan-T5,ChatGLM,coding,dolly_15k/open_qa/3102,0.6168468594551086,0.38044676184654236,0.0027064091991633177
60a8322ad28d60339cb1cfe70f12f0184f091370bbb5b9e52eb3fcfadcf1d948,ChatGLM,ChatGLM,coding,dolly_15k/open_qa/3102,0.9999969005584717,1.0813829080238632e-14,3.0668934414279647e-06
60a8322ad28d60339cb1cfe70f12f0184f091370bbb5b9e52eb3fcfadcf1d948,MPT,MPT,coding,dolly_15k/open_qa/3102,1.1389769336012101e-12,1.6391778362475365e-21,1.0
9b1d8ee33e50d5b81b18ddb0a8766edfff2b8486caf67bc41f66c0744a1a4b7d,ChatGLM,ChatGLM,coding,unified_chip2/18418,1.0,2.278044653623075e-17,8.801361306431943e-10
9b1d8ee33e50d5b81b18ddb0a8766edfff2b8486caf67bc41f66c0744a1a4b7d,MPT,MPT,coding,unified_chip2/18418,6.606659894714539e-07,2.5700633028008513e-12,0.9999992847442627
9b1d8ee33e50d5b81b18ddb0a8766edfff2b8486caf67bc41f66c0744a1a4b7d,Flan-T5,Flan-T5,coding,unified_chip2/18418,5.996291747578653e-07,0.9999994039535522,1.9095304892857712e-08
a2490f70a76ad6638be6985a6aa86bca26adf976aad97ef225e7ce2faccfeb67,ChatGLM,ChatGLM,coding,unified_chip2/60242,0.9985566735267639,4.220692263572079e-13,0.0014432994648814201
a2490f70a76ad6638be6985a6aa86bca26adf976aad97ef225e7ce2faccfeb67,MPT,MPT,coding,unified_chip2/60242,8.5749453207183e-17,2.9847379313564756e-18,1.0
a2490f70a76ad6638be6985a6aa86bca26adf976aad97ef225e7ce2faccfeb67,Flan-T5,Flan-T5,coding,unified_chip2/60242,7.059756899252534e-05,0.9999215602874756,7.891925633884966e-06
8e8628fa472b9006b31e8a0012729abe8e6163769db5f26accaaa05fc28047cc,ChatGLM,ChatGLM,coding,unified_chip2/148766,1.0,3.717854149543065e-11,4.541328735285788e-08
8e8628fa472b9006b31e8a0012729abe8e6163769db5f26accaaa05fc28047cc,Flan-T5,Flan-T5,coding,unified_chip2/148766,1.9344922463915282e-07,0.9999992847442627,4.945178488924284e-07
8e8628fa472b9006b31e8a0012729abe8e6163769db5f26accaaa05fc28047cc,MPT,MPT,coding,unified_chip2/148766,8.078319236421924e-15,1.1620000311084438e-15,1.0
aedf77fec977821c11d0e6dc9a31318ff2cb5dad8de854120ee844d9c1030f35,MPT,MPT,coding,unified_chip2/911,1.441243739463971e-06,3.37114030809528e-14,0.9999985694885254
aedf77fec977821c11d0e6dc9a31318ff2cb5dad8de854120ee844d9c1030f35,Flan-T5,Flan-T5,coding,unified_chip2/911,2.2691738266189532e-08,1.0,2.2293175638843366e-10
aedf77fec977821c11d0e6dc9a31318ff2cb5dad8de854120ee844d9c1030f35,ChatGLM,ChatGLM,coding,unified_chip2/911,0.9999995231628418,2.5953331040610628e-17,4.349965649907972e-07
71eb95ec2506210700e234630690591eb2209b3f69519b0e1b7bd836979cb2a1,MPT,MPT,coding,unified_chip2/51354,5.461286491481587e-05,2.2420188264520718e-13,0.9999454021453857
71eb95ec2506210700e234630690591eb2209b3f69519b0e1b7bd836979cb2a1,ChatGLM,ChatGLM,coding,unified_chip2/51354,1.0,9.448105263928455e-17,4.70780037176155e-08
71eb95ec2506210700e234630690591eb2209b3f69519b0e1b7bd836979cb2a1,Flan-T5,Flan-T5,coding,unified_chip2/51354,8.27425651550584e-07,0.9999991655349731,2.0711173054355214e-10
e00115797e810566d8290a4a0bc66074894efea25f4b7dbe26271fba33da58ed,MPT,MPT,coding,unified_chip2/118118,1.5660673398087965e-06,9.12854319044809e-13,0.9999984502792358
e00115797e810566d8290a4a0bc66074894efea25f4b7dbe26271fba33da58ed,ChatGLM,ChatGLM,coding,unified_chip2/118118,0.9999964237213135,7.127303192078216e-10,3.5490290883899434e-06
e00115797e810566d8290a4a0bc66074894efea25f4b7dbe26271fba33da58ed,Flan-T5,Flan-T5,coding,unified_chip2/118118,4.408872337080538e-05,0.9999493360519409,6.615916845476022e-06
693fda63886c5784d275bbb4c1a834536022744c88143a9e8b45ba27dad4f3f3,Flan-T5,Flan-T5,coding,dolly_15k/closed_qa/672,3.0759092624066398e-06,0.9999969005584717,4.149472321302028e-09
693fda63886c5784d275bbb4c1a834536022744c88143a9e8b45ba27dad4f3f3,MPT,MPT,coding,dolly_15k/closed_qa/672,7.981578953319968e-09,2.023206643712585e-18,1.0
693fda63886c5784d275bbb4c1a834536022744c88143a9e8b45ba27dad4f3f3,ChatGLM,ChatGLM,coding,dolly_15k/closed_qa/672,0.9998767375946045,0.0001220722042489797,1.1812949196610134e-06
607acf0f5acfb72b78e8239b3731fe108672013e9ea861b607675993b3cc8332,MPT,MPT,coding,unified_chip2/27090,3.898855993611505e-08,5.022881416349989e-12,1.0
607acf0f5acfb72b78e8239b3731fe108672013e9ea861b607675993b3cc8332,Flan-T5,Flan-T5,coding,unified_chip2/27090,0.0006592799327336252,0.9993407130241394,3.251739849607915e-11
607acf0f5acfb72b78e8239b3731fe108672013e9ea861b607675993b3cc8332,ChatGLM,ChatGLM,coding,unified_chip2/27090,0.7263831496238708,2.716788599643749e-11,0.27361682057380676
46ec6a2465443abe8877bec10b4abdbdc85d53789dfc2b5562e2db55f078f095,Flan-T5,Flan-T5,coding,unified_chip2/2558,5.598050165644963e-07,0.9999994039535522,8.184870003979938e-10
46ec6a2465443abe8877bec10b4abdbdc85d53789dfc2b5562e2db55f078f095,ChatGLM,ChatGLM,coding,unified_chip2/2558,1.0,4.721398070412202e-15,3.8870162644144557e-10
46ec6a2465443abe8877bec10b4abdbdc85d53789dfc2b5562e2db55f078f095,MPT,MPT,coding,unified_chip2/2558,1.3136136770626906e-14,4.155630327757793e-17,1.0
1fdfb209b3191b91694de3de8a479f235117e6dbda9bf1a4219ea2f63b055f52,MPT,MPT,coding,unified_chip2/144994,2.8773109761459637e-07,1.1706362096320592e-14,0.9999997615814209
1fdfb209b3191b91694de3de8a479f235117e6dbda9bf1a4219ea2f63b055f52,ChatGLM,ChatGLM,coding,unified_chip2/144994,1.0,2.641087904812719e-16,2.4758588068607423e-08
1fdfb209b3191b91694de3de8a479f235117e6dbda9bf1a4219ea2f63b055f52,Flan-T5,Flan-T5,coding,unified_chip2/144994,2.2234708296764438e-07,0.9999997615814209,6.543150353130467e-13
b45cf18d44e7396da6745502b4d593bb1064b8b04f6d577c38841d9cbde5093e,MPT,MPT,coding,unified_chip2/140499,1.9784063624683768e-05,6.647437998273317e-14,0.9999802112579346
b45cf18d44e7396da6745502b4d593bb1064b8b04f6d577c38841d9cbde5093e,ChatGLM,Flan-T5,coding,unified_chip2/140499,1.9590044757933356e-05,0.9999803304672241,2.5958149407756537e-08
b45cf18d44e7396da6745502b4d593bb1064b8b04f6d577c38841d9cbde5093e,Flan-T5,Flan-T5,coding,unified_chip2/140499,0.009910189546644688,0.9874322414398193,0.002657578093931079
99c62d0d147f6e6d0bc3448f862c2a98a4b7831191df02b5211816e3a719da3a,MPT,MPT,coding,unified_chip2/4726,4.079770782273659e-14,1.053920426983808e-15,1.0
99c62d0d147f6e6d0bc3448f862c2a98a4b7831191df02b5211816e3a719da3a,ChatGLM,ChatGLM,coding,unified_chip2/4726,1.0,6.524094415746862e-14,1.1518414000377675e-10
99c62d0d147f6e6d0bc3448f862c2a98a4b7831191df02b5211816e3a719da3a,Flan-T5,Flan-T5,coding,unified_chip2/4726,1.0938423429251998e-06,0.999998927116394,2.916779040518236e-10
33c118b9f40641606070f41e9b514238e3a12d4b2e613f641eae2fc904bda26b,MPT,MPT,coding,unified_chip2/99172,1.7476416364417546e-12,5.326857878407143e-12,1.0
33c118b9f40641606070f41e9b514238e3a12d4b2e613f641eae2fc904bda26b,ChatGLM,ChatGLM,coding,unified_chip2/99172,1.0,5.692940202231675e-16,7.910825883250538e-10
33c118b9f40641606070f41e9b514238e3a12d4b2e613f641eae2fc904bda26b,Flan-T5,Flan-T5,coding,unified_chip2/99172,8.294385622775735e-09,1.0,4.452609808636154e-11
794668b2f73261ad28468fe0a178fbdd68e2683fdc9b6f948b6865df2a3eaae3,Flan-T5,Flan-T5,coding,unified_chip2/126755,2.94824442637065e-10,1.0,7.681095343103905e-13
794668b2f73261ad28468fe0a178fbdd68e2683fdc9b6f948b6865df2a3eaae3,MPT,MPT,coding,unified_chip2/126755,1.1191061979561913e-14,4.956124452623525e-15,1.0
794668b2f73261ad28468fe0a178fbdd68e2683fdc9b6f948b6865df2a3eaae3,ChatGLM,ChatGLM,coding,unified_chip2/126755,0.9997288584709167,8.514905640183445e-16,0.00027111454983241856
6e5d00ff2a4cd49562ce4cd9a334dfd878178dfa8b4a675ed40e9dca48841a7f,Flan-T5,Flan-T5,coding,unified_chip2/2891,0.00872285570949316,0.9901509284973145,0.0011262453626841307
6e5d00ff2a4cd49562ce4cd9a334dfd878178dfa8b4a675ed40e9dca48841a7f,ChatGLM,ChatGLM,coding,unified_chip2/2891,0.999984860420227,4.595524264947026e-13,1.5198910659819376e-05
6e5d00ff2a4cd49562ce4cd9a334dfd878178dfa8b4a675ed40e9dca48841a7f,MPT,MPT,coding,unified_chip2/2891,0.00020197471894789487,5.817741774438723e-11,0.9997979998588562
d2bee488f8459920b05e6ba934f34908720dd8ec48f78e055413a681c7ec660e,MPT,MPT,coding,unified_chip2/127437,1.3939801135620655e-07,9.642508722095076e-16,0.9999998807907104
d2bee488f8459920b05e6ba934f34908720dd8ec48f78e055413a681c7ec660e,ChatGLM,ChatGLM,coding,unified_chip2/127437,1.0,2.2484869055625772e-14,8.593161108356139e-15
d2bee488f8459920b05e6ba934f34908720dd8ec48f78e055413a681c7ec660e,Flan-T5,Flan-T5,coding,unified_chip2/127437,1.519783410230957e-07,0.9999998807907104,4.235396033891448e-09
fe60602c8eb830ff53899614ad086281c4263c7e656a591470702794d375d3d5,ChatGLM,ChatGLM,coding,unified_chip2/114577,0.9999995231628418,9.148389511215438e-13,4.383936129670474e-07
fe60602c8eb830ff53899614ad086281c4263c7e656a591470702794d375d3d5,MPT,MPT,coding,unified_chip2/114577,1.3882772969403545e-12,6.940570599008873e-18,1.0
fe60602c8eb830ff53899614ad086281c4263c7e656a591470702794d375d3d5,Flan-T5,Flan-T5,coding,unified_chip2/114577,8.948583172241342e-07,0.9999990463256836,2.460573966800439e-09
c5bb69cd7bac33158c71b5d1a79a247525dbb12fcfd597b3218ab2b088754dd1,ChatGLM,ChatGLM,coding,unified_chip2/86749,0.9997218251228333,1.341026627851155e-13,0.0002782046503853053
c5bb69cd7bac33158c71b5d1a79a247525dbb12fcfd597b3218ab2b088754dd1,Flan-T5,Flan-T5,coding,unified_chip2/86749,0.0001899294729810208,0.9998030066490173,7.13186091161333e-06
c5bb69cd7bac33158c71b5d1a79a247525dbb12fcfd597b3218ab2b088754dd1,MPT,MPT,coding,unified_chip2/86749,8.910144977657694e-16,8.309029914839653e-17,1.0
ae87e3f329f800b95a165117f3a43c0dba8c50e99103021e3aab8db3c98c61a2,MPT,MPT,coding,dolly_15k/classification/439,6.641546799421869e-15,3.1634361889293555e-19,1.0
ae87e3f329f800b95a165117f3a43c0dba8c50e99103021e3aab8db3c98c61a2,Flan-T5,Flan-T5,coding,dolly_15k/classification/439,0.0006063113687559962,0.9993826150894165,1.106457693822449e-05
ae87e3f329f800b95a165117f3a43c0dba8c50e99103021e3aab8db3c98c61a2,ChatGLM,ChatGLM,coding,dolly_15k/classification/439,0.9998829364776611,0.00011655239359242842,5.212038445279177e-07
f57a7ba64ddca495701bdacf56c7d9a7bf5b986839fe4e879775ca3055a0ebef,Flan-T5,Flan-T5,coding,unified_chip2/136694,1.027605958370259e-05,0.9999897480010986,6.96089497154162e-09
f57a7ba64ddca495701bdacf56c7d9a7bf5b986839fe4e879775ca3055a0ebef,MPT,MPT,coding,unified_chip2/136694,2.2306963390521722e-17,1.2028046211830647e-19,1.0
f57a7ba64ddca495701bdacf56c7d9a7bf5b986839fe4e879775ca3055a0ebef,ChatGLM,ChatGLM,coding,unified_chip2/136694,0.9999927282333374,1.2009507353088144e-15,7.318554708035663e-06
74eada820074467e383bcd5c12e7ab2b29b3572eb6084b60e7e5bedf685b5970,Flan-T5,Flan-T5,coding,unified_chip2/158963,0.00018397215171717107,0.9998160004615784,4.3054555476373935e-09
74eada820074467e383bcd5c12e7ab2b29b3572eb6084b60e7e5bedf685b5970,ChatGLM,ChatGLM,coding,unified_chip2/158963,1.0,1.1948224519354295e-15,5.023489957345362e-10
74eada820074467e383bcd5c12e7ab2b29b3572eb6084b60e7e5bedf685b5970,MPT,MPT,coding,unified_chip2/158963,1.82974502216382e-09,1.0531482241034877e-16,1.0
e46a98bddcce55cf1f637904f48c0240ca4f5cefade552319c63ce8a653c7425,Flan-T5,Flan-T5,coding,unified_chip2/61679,0.0033243524376302958,0.9948492646217346,0.0018263619858771563
e46a98bddcce55cf1f637904f48c0240ca4f5cefade552319c63ce8a653c7425,MPT,MPT,coding,unified_chip2/61679,1.2990914122212871e-08,9.012517412750074e-18,1.0
e46a98bddcce55cf1f637904f48c0240ca4f5cefade552319c63ce8a653c7425,ChatGLM,ChatGLM,coding,unified_chip2/61679,0.9999674558639526,1.9964130842708983e-05,1.2673489436565433e-05
b3455dc04c715d6a5eedbd6e0000faa37c4c21bcda8c7e271408f4a8840ae114,ChatGLM,ChatGLM,coding,unified_chip2/112033,1.0,4.941870582187129e-15,7.453668793289125e-09
b3455dc04c715d6a5eedbd6e0000faa37c4c21bcda8c7e271408f4a8840ae114,Flan-T5,Flan-T5,coding,unified_chip2/112033,1.855146258833429e-08,1.0,1.8787556579913378e-11
b3455dc04c715d6a5eedbd6e0000faa37c4c21bcda8c7e271408f4a8840ae114,MPT,MPT,coding,unified_chip2/112033,1.0252054413739664e-11,1.4558838693353867e-17,1.0
828751cf259912420d54e8467f6b5020c10981332dd7e8c845e4a42e725bc3db,Flan-T5,Flan-T5,coding,unified_chip2/32565,6.247763053579547e-07,0.9999994039535522,4.258274566293352e-10
828751cf259912420d54e8467f6b5020c10981332dd7e8c845e4a42e725bc3db,ChatGLM,ChatGLM,coding,unified_chip2/32565,0.9999959468841553,1.1335961253907662e-18,4.043063654535217e-06
828751cf259912420d54e8467f6b5020c10981332dd7e8c845e4a42e725bc3db,MPT,MPT,coding,unified_chip2/32565,3.441228049315837e-15,1.957453850025592e-18,1.0
cd41f84c2500635a6b0dc0952b3e036aefa245dc736fe643d00b840a29f85ad3,ChatGLM,ChatGLM,coding,unified_chip2/126791,1.0,3.5158765997362156e-17,8.795776064961236e-13
cd41f84c2500635a6b0dc0952b3e036aefa245dc736fe643d00b840a29f85ad3,MPT,MPT,coding,unified_chip2/126791,4.630117903664521e-13,1.4312972465221896e-12,1.0
cd41f84c2500635a6b0dc0952b3e036aefa245dc736fe643d00b840a29f85ad3,Flan-T5,Flan-T5,coding,unified_chip2/126791,1.394972059642896e-06,0.9999973773956299,1.2285955790503067e-06
f10e01af603415c635117f095a0d938fafcb0bf768cb899f94be7f4a9218dd28,ChatGLM,ChatGLM,coding,unified_chip2/136418,1.0,3.9929109972510566e-17,2.920400588024563e-10
f10e01af603415c635117f095a0d938fafcb0bf768cb899f94be7f4a9218dd28,MPT,MPT,coding,unified_chip2/136418,1.737793536449317e-05,1.0440470710193495e-10,0.9999825954437256
f10e01af603415c635117f095a0d938fafcb0bf768cb899f94be7f4a9218dd28,Flan-T5,Flan-T5,coding,unified_chip2/136418,0.09114108234643936,0.9088022112846375,5.6679062254261225e-05
ea1d9294b287531d66464dbfd6aba1849ae9fecd4488207a7c5bc11f4c42acba,Flan-T5,Flan-T5,coding,unified_chip2/45772,4.495719768682349e-12,1.0,4.123592232970185e-16
ea1d9294b287531d66464dbfd6aba1849ae9fecd4488207a7c5bc11f4c42acba,ChatGLM,ChatGLM,coding,unified_chip2/45772,0.9999998807907104,4.42705962695549e-15,1.5774155315284588e-07
ea1d9294b287531d66464dbfd6aba1849ae9fecd4488207a7c5bc11f4c42acba,MPT,MPT,coding,unified_chip2/45772,1.4119108553278391e-15,2.1395688288174103e-16,1.0
577d33e9e6353d5fe8ebff35aeed60c46b969fc122829dec0d098fdca0e5a344,ChatGLM,ChatGLM,coding,unified_chip2/150597,1.0,2.0514656563382648e-17,9.252332233700145e-09
577d33e9e6353d5fe8ebff35aeed60c46b969fc122829dec0d098fdca0e5a344,MPT,MPT,coding,unified_chip2/150597,4.06408304343131e-07,9.704691104818908e-15,0.9999996423721313
577d33e9e6353d5fe8ebff35aeed60c46b969fc122829dec0d098fdca0e5a344,Flan-T5,Flan-T5,coding,unified_chip2/150597,0.000172258194652386,0.9998276233673096,1.122506247952515e-07
d62259bfa3adbf452ac39970eec4bf7c8c4186089a152be92ec48b8ab15722bd,ChatGLM,ChatGLM,coding,unified_chip2/8426,0.9996188879013062,7.335841928579612e-06,0.0003737570659723133
d62259bfa3adbf452ac39970eec4bf7c8c4186089a152be92ec48b8ab15722bd,MPT,MPT,coding,unified_chip2/8426,2.441848891976406e-07,4.734127493301776e-16,0.9999997615814209
d62259bfa3adbf452ac39970eec4bf7c8c4186089a152be92ec48b8ab15722bd,Flan-T5,Flan-T5,coding,unified_chip2/8426,0.0036532822996377945,0.9959322810173035,0.00041440300992690027
f90ab3be2859180663e7bc492fe506acc04232c7586e995e4a037ddc1e13029d,MPT,ChatGLM,coding,unified_chip2/22314,1.0,3.4218415827355544e-15,4.5668400616705185e-08
f90ab3be2859180663e7bc492fe506acc04232c7586e995e4a037ddc1e13029d,Flan-T5,Flan-T5,coding,unified_chip2/22314,0.0010746087646111846,0.9989253878593445,6.107018002410314e-09
f90ab3be2859180663e7bc492fe506acc04232c7586e995e4a037ddc1e13029d,ChatGLM,ChatGLM,coding,unified_chip2/22314,0.9996980428695679,5.4222099032941173e-11,0.00030194915598258376
719e65c4cf995bd6d8a0b15e96211a9d2b799f0a6484930fb8287159dde8dc66,MPT,MPT,coding,unified_chip2/95944,2.018053963954297e-14,1.9396738095539176e-18,1.0
719e65c4cf995bd6d8a0b15e96211a9d2b799f0a6484930fb8287159dde8dc66,Flan-T5,Flan-T5,coding,unified_chip2/95944,1.2103626545467705e-07,0.9999998807907104,2.220876748563333e-13
719e65c4cf995bd6d8a0b15e96211a9d2b799f0a6484930fb8287159dde8dc66,ChatGLM,ChatGLM,coding,unified_chip2/95944,0.9999743700027466,4.426642463228967e-15,2.5600913431844674e-05
2d989aa4ad980017317e5a1062c4e2bffd59e2b5c75309def7e2da32fce17886,ChatGLM,ChatGLM,coding,unified_chip2/120807,1.0,8.086812351411621e-19,6.6426972429589615e-12
2d989aa4ad980017317e5a1062c4e2bffd59e2b5c75309def7e2da32fce17886,Flan-T5,Flan-T5,coding,unified_chip2/120807,0.00011829088907688856,0.9998801946640015,1.4573566886610934e-06
2d989aa4ad980017317e5a1062c4e2bffd59e2b5c75309def7e2da32fce17886,MPT,MPT,coding,unified_chip2/120807,9.071897011381225e-07,1.3260350283095246e-11,0.9999990463256836
cffc23afafdd01dc06a011c5eb95abe32cf4308369b44337f43793c5e153c7e0,Flan-T5,Flan-T5,coding,unified_chip2/30703,6.572637545332327e-08,0.9999998807907104,1.916989456063334e-09
cffc23afafdd01dc06a011c5eb95abe32cf4308369b44337f43793c5e153c7e0,ChatGLM,ChatGLM,coding,unified_chip2/30703,0.9999998807907104,1.6810522920652224e-16,1.032627494623739e-07
cffc23afafdd01dc06a011c5eb95abe32cf4308369b44337f43793c5e153c7e0,MPT,MPT,coding,unified_chip2/30703,6.58351845261862e-11,8.957648041177594e-17,1.0
e5d5275376cd0b093df95f2acc8c849b5645a7c347287d6e623a2d412bcc68f6,Flan-T5,Flan-T5,coding,unified_chip2/147154,1.301650343066285e-07,0.9999998807907104,7.904064208696937e-11
e5d5275376cd0b093df95f2acc8c849b5645a7c347287d6e623a2d412bcc68f6,MPT,MPT,coding,unified_chip2/147154,1.2253741044857686e-13,6.14586261576284e-18,1.0
e5d5275376cd0b093df95f2acc8c849b5645a7c347287d6e623a2d412bcc68f6,ChatGLM,ChatGLM,coding,unified_chip2/147154,1.0,5.821709217132542e-13,2.2674345956374964e-08
5acf846147585cbd84e02f5574b8485b06b7ad8d7d4d47218f117620c8b9ed8e,Flan-T5,Flan-T5,coding,unified_chip2/36492,2.9187104289007948e-08,1.0,2.9532953773475645e-12
5acf846147585cbd84e02f5574b8485b06b7ad8d7d4d47218f117620c8b9ed8e,MPT,MPT,coding,unified_chip2/36492,3.9137306405683664e-14,1.1753616370382015e-14,1.0
5acf846147585cbd84e02f5574b8485b06b7ad8d7d4d47218f117620c8b9ed8e,ChatGLM,ChatGLM,coding,unified_chip2/36492,0.9999904632568359,2.8138778403164443e-14,9.500400665274356e-06
ae251e830f1b07a7830376d420051be3fbe25b13c9b3f09542e060a4a31f9999,ChatGLM,ChatGLM,coding,unified_chip2/157137,1.0,4.841519200794123e-15,1.9184937926491896e-12
ae251e830f1b07a7830376d420051be3fbe25b13c9b3f09542e060a4a31f9999,Flan-T5,Flan-T5,coding,unified_chip2/157137,1.0729888089144879e-07,0.9999998807907104,1.783828987300673e-11
ae251e830f1b07a7830376d420051be3fbe25b13c9b3f09542e060a4a31f9999,MPT,MPT,coding,unified_chip2/157137,6.292063335422426e-05,7.06176653611501e-14,0.9999370574951172
9f95fde57938f8492f10828c45f82f4f9727aada3243d3744de57cd0a1ac3008,Flan-T5,Flan-T5,coding,unified_chip2/132382,1.3254168607090833e-07,0.9999998807907104,1.0671484806934473e-09
9f95fde57938f8492f10828c45f82f4f9727aada3243d3744de57cd0a1ac3008,ChatGLM,ChatGLM,coding,unified_chip2/132382,0.9998832941055298,4.3218033318748184e-14,0.00011668611841741949
9f95fde57938f8492f10828c45f82f4f9727aada3243d3744de57cd0a1ac3008,MPT,MPT,coding,unified_chip2/132382,9.264363923975266e-19,1.7455481941172233e-21,1.0
1ce0eccc2bfc671670f97c6333f920f210be4244baff8b6c111aeab9bee26585,Flan-T5,Flan-T5,coding,unified_chip2/117628,0.01516170147806406,0.9825588464736938,0.0022794685792177916
1ce0eccc2bfc671670f97c6333f920f210be4244baff8b6c111aeab9bee26585,ChatGLM,ChatGLM,coding,unified_chip2/117628,1.0,6.128467834661462e-18,3.4041044982835444e-10
1ce0eccc2bfc671670f97c6333f920f210be4244baff8b6c111aeab9bee26585,MPT,MPT,coding,unified_chip2/117628,3.675695481319963e-08,7.00615297860043e-15,1.0
c59dfa94952d65d434cd7f335287da42451d5c5b099919006af75444c65b7082,MPT,MPT,coding,unified_chip2/145819,5.506054029123038e-16,1.6366443398741496e-17,1.0
c59dfa94952d65d434cd7f335287da42451d5c5b099919006af75444c65b7082,ChatGLM,ChatGLM,coding,unified_chip2/145819,0.9999972581863403,2.724160237598211e-15,2.6972254545398755e-06
c59dfa94952d65d434cd7f335287da42451d5c5b099919006af75444c65b7082,Flan-T5,Flan-T5,coding,unified_chip2/145819,5.07792537973728e-06,0.9999945163726807,3.477553036645986e-07
889f9eb5e3f31fcb5c76da55d62102fc75d950500659b740747a5139503d4bef,Flan-T5,Flan-T5,coding,unified_chip2/126993,1.6142686831699393e-07,0.9999998807907104,1.109668346793713e-11
889f9eb5e3f31fcb5c76da55d62102fc75d950500659b740747a5139503d4bef,ChatGLM,ChatGLM,coding,unified_chip2/126993,0.9999871253967285,5.9798589691073545e-12,1.2840313502238132e-05
889f9eb5e3f31fcb5c76da55d62102fc75d950500659b740747a5139503d4bef,MPT,MPT,coding,unified_chip2/126993,2.2428246759798043e-10,2.7660923071905034e-14,1.0
5948c7a08307ae762ef1ae5f564d11c9b9fcb51db24aee486f906e8c5ce68412,MPT,MPT,coding,unified_chip2/87098,6.453967541604141e-14,8.708158854077474e-16,1.0
5948c7a08307ae762ef1ae5f564d11c9b9fcb51db24aee486f906e8c5ce68412,ChatGLM,ChatGLM,coding,unified_chip2/87098,0.9998070597648621,0.00019088282715529203,2.007136572501622e-06
5948c7a08307ae762ef1ae5f564d11c9b9fcb51db24aee486f906e8c5ce68412,Flan-T5,Flan-T5,coding,unified_chip2/87098,0.010200519114732742,0.9885923266410828,0.0012071834644302726
bde2fca9a495442bfe89650b8bfe35cd741a9f48dad082ff8e67895492b264be,MPT,MPT,coding,unified_chip2/161212,3.395626971809218e-15,5.593932638609488e-17,1.0
bde2fca9a495442bfe89650b8bfe35cd741a9f48dad082ff8e67895492b264be,Flan-T5,Flan-T5,coding,unified_chip2/161212,1.5572773071070856e-09,1.0,1.8841221985366197e-13
bde2fca9a495442bfe89650b8bfe35cd741a9f48dad082ff8e67895492b264be,ChatGLM,ChatGLM,coding,unified_chip2/161212,0.9999996423721313,1.3269536294421846e-12,3.723715167325281e-07
2806b84406ce808f269cc8f7e24448467774a78b8f60ea042edb6f9e69f69874,Flan-T5,Flan-T5,coding,unified_chip2/117204,8.207148312067147e-06,0.999991774559021,2.8194074630505384e-08
2806b84406ce808f269cc8f7e24448467774a78b8f60ea042edb6f9e69f69874,MPT,MPT,coding,unified_chip2/117204,5.792559574363532e-12,3.955898480209884e-19,1.0
2806b84406ce808f269cc8f7e24448467774a78b8f60ea042edb6f9e69f69874,ChatGLM,ChatGLM,coding,unified_chip2/117204,0.9999982118606567,5.981028389570597e-13,1.7587858565093484e-06
fdc66d9f0d2ab159cfd53b44bd846b375b2e8b5d561a0e7e7fe400c915b991ad,MPT,MPT,coding,unified_chip2/10250,1.1140455313807252e-07,6.004341446784467e-14,0.9999998807907104
fdc66d9f0d2ab159cfd53b44bd846b375b2e8b5d561a0e7e7fe400c915b991ad,Flan-T5,Flan-T5,coding,unified_chip2/10250,3.1208406880978146e-07,0.9999996423721313,3.6857716878557767e-10
fdc66d9f0d2ab159cfd53b44bd846b375b2e8b5d561a0e7e7fe400c915b991ad,ChatGLM,ChatGLM,coding,unified_chip2/10250,1.0,4.957140548053095e-17,3.048884387145401e-13
3049cad30d40a4edca30d8c42bfd07e93bff29e7d7c933a6e9cc3c6126a3a5c9,Flan-T5,Flan-T5,coding,unified_chip2/73714,3.517401836461431e-08,1.0,1.959225004455334e-10
3049cad30d40a4edca30d8c42bfd07e93bff29e7d7c933a6e9cc3c6126a3a5c9,MPT,MPT,coding,unified_chip2/73714,1.0583315770418267e-06,6.457709839044229e-16,0.999998927116394
3049cad30d40a4edca30d8c42bfd07e93bff29e7d7c933a6e9cc3c6126a3a5c9,ChatGLM,ChatGLM,coding,unified_chip2/73714,0.9999905824661255,9.603585864102846e-15,9.473359568801243e-06
20760488ea1a55616d73377be17b35884b2be298645c63edf9fb532334a04fe4,Flan-T5,Flan-T5,coding,unified_chip2/124894,0.0001312715030508116,0.9998683929443359,2.8312987865319883e-07
20760488ea1a55616d73377be17b35884b2be298645c63edf9fb532334a04fe4,ChatGLM,ChatGLM,coding,unified_chip2/124894,1.0,1.0744940102396677e-15,9.455882257758397e-12
20760488ea1a55616d73377be17b35884b2be298645c63edf9fb532334a04fe4,MPT,MPT,coding,unified_chip2/124894,1.5072142379925647e-15,7.312573883001401e-19,1.0
2c6391080b600e3956d5a0b7e9a8e4120907e0b5e0e696fbb0f3053a1a331f8c,Flan-T5,Flan-T5,coding,unified_chip2/86560,9.580891173754935e-07,0.9999990463256836,2.6602214354964904e-12
2c6391080b600e3956d5a0b7e9a8e4120907e0b5e0e696fbb0f3053a1a331f8c,ChatGLM,ChatGLM,coding,unified_chip2/86560,0.9995279312133789,7.678281669059716e-15,0.0004721014411188662
2c6391080b600e3956d5a0b7e9a8e4120907e0b5e0e696fbb0f3053a1a331f8c,MPT,MPT,coding,unified_chip2/86560,8.892171721175401e-11,1.3018251595467499e-15,1.0
e376cbc0a6429ae8c2f7f1d6f8471289f0addc316351c649dac8c54c77f5fba2,Flan-T5,Flan-T5,coding,dolly_15k/brainstorming/823,1.451118805562146e-06,0.9999985694885254,2.8831428910969237e-10
e376cbc0a6429ae8c2f7f1d6f8471289f0addc316351c649dac8c54c77f5fba2,MPT,MPT,coding,dolly_15k/brainstorming/823,6.599118933081627e-06,3.045754566523978e-13,0.9999934434890747
e376cbc0a6429ae8c2f7f1d6f8471289f0addc316351c649dac8c54c77f5fba2,ChatGLM,ChatGLM,coding,dolly_15k/brainstorming/823,0.9988844990730286,8.923040149966255e-05,0.0010262710275128484
8da8b28a9fc184639beded9787a731a684d273346cb4b00ab6e65a33ddd45c6d,Flan-T5,Flan-T5,coding,unified_chip2/152530,1.2561852891224135e-08,0.999995231628418,4.774997250933666e-06
8da8b28a9fc184639beded9787a731a684d273346cb4b00ab6e65a33ddd45c6d,MPT,MPT,coding,unified_chip2/152530,3.9919008543165546e-08,3.2838181992551766e-15,1.0
8da8b28a9fc184639beded9787a731a684d273346cb4b00ab6e65a33ddd45c6d,ChatGLM,ChatGLM,coding,unified_chip2/152530,1.0,8.90090850688436e-15,1.4507096857130364e-08
098f62dbdc70c2b598435d822159554d6ee56f2ce9368a7aa704a97654a789dc,ChatGLM,ChatGLM,coding,unified_chip2/157446,1.0,2.967770682525163e-14,1.6982591333203345e-08
098f62dbdc70c2b598435d822159554d6ee56f2ce9368a7aa704a97654a789dc,Flan-T5,Flan-T5,coding,unified_chip2/157446,2.447876568112406e-09,1.0,5.183417584042616e-10
098f62dbdc70c2b598435d822159554d6ee56f2ce9368a7aa704a97654a789dc,MPT,ChatGLM,coding,unified_chip2/157446,0.8247032761573792,3.3497475626642625e-12,0.17529673874378204
2139932067494020c482d4d45e5ae01d37cf512334d0df0f8d2eb58708546325,MPT,MPT,coding,dolly_15k/classification/1582,7.283451619599646e-12,4.274065812633649e-20,1.0
2139932067494020c482d4d45e5ae01d37cf512334d0df0f8d2eb58708546325,ChatGLM,ChatGLM,coding,dolly_15k/classification/1582,0.5727480053901672,0.42724815011024475,3.889333129336592e-06
2139932067494020c482d4d45e5ae01d37cf512334d0df0f8d2eb58708546325,Flan-T5,Flan-T5,coding,dolly_15k/classification/1582,0.13185426592826843,0.8474440574645996,0.020701665431261063
60117e4936aaa8e327739e1a49b65f20251c94bd87216c3fa9df82c65294e83c,MPT,MPT,coding,unified_chip2/65545,7.776105093171282e-08,6.667976175551982e-14,0.9999998807907104
60117e4936aaa8e327739e1a49b65f20251c94bd87216c3fa9df82c65294e83c,ChatGLM,ChatGLM,coding,unified_chip2/65545,1.0,2.9571226110164384e-12,4.5280692972937686e-08
60117e4936aaa8e327739e1a49b65f20251c94bd87216c3fa9df82c65294e83c,Flan-T5,Flan-T5,coding,unified_chip2/65545,0.0013539392966777086,0.998646080493927,2.324726011693201e-08
67ffe2121bfd03856c061fd68570366845926e8ccb36a102949194e236fca476,Flan-T5,Flan-T5,coding,unified_chip2/68499,1.0073422345158178e-06,0.9999990463256836,9.364042874437928e-10
67ffe2121bfd03856c061fd68570366845926e8ccb36a102949194e236fca476,MPT,MPT,coding,unified_chip2/68499,3.6622059009470964e-14,5.3321274104765554e-18,1.0
67ffe2121bfd03856c061fd68570366845926e8ccb36a102949194e236fca476,ChatGLM,ChatGLM,coding,unified_chip2/68499,0.9999995231628418,4.593623997351838e-15,4.5238476786835236e-07
