epoch,seconds,train_loss,train_accuracy,train_macro_f1,validation_loss,validation_accuracy,validation_macro_f1
1,22.48326090001501,0.47789481607694473,0.8049206349206349,0.8045155328932418,0.25798850886247776,0.9070370370370371,0.907165586203333
2,21.850684500066563,0.17052307830443458,0.9415873015873016,0.9414984139143211,0.12997020091033645,0.96,0.9597656975370632
3,21.607754099997692,0.10903176769969009,0.964920634920635,0.9648927720356989,0.15817391159909744,0.9525925925925925,0.952876699722723
4,21.535037000081502,0.07513709042871755,0.976031746031746,0.9760115233739789,0.14948664802816455,0.9581481481481482,0.9582825912112033
5,21.759083400014788,0.06452520114650566,0.9809523809523809,0.9809420392196179,0.09127233601451196,0.9696296296296296,0.9695689094538672
6,21.48181350005325,0.04693019274592636,0.9861111111111112,0.9861070113583531,0.10419907777673669,0.9703703703703703,0.9702900487955194
7,21.576558299944736,0.03463414427484312,0.9892857142857143,0.9892842427711468,0.1063748409188594,0.9725925925925926,0.9726073398519159
8,21.38306429993827,0.029540462197277635,0.9903174603174603,0.9903192029577648,0.09583217385638919,0.9766666666666667,0.9766916024352413
9,21.62558180000633,0.024046449919364284,0.9923015873015874,0.9923009022933619,0.09681040378960057,0.9748148148148148,0.9748073702652067
10,21.727815499994904,0.022349960971180173,0.9934920634920635,0.9934915710505309,0.10251782299597162,0.9755555555555555,0.9755244457768567
11,21.460544500034302,0.014611626535631894,0.9957936507936508,0.9957936224152354,0.09845242819300404,0.9740740740740741,0.9740133221375968
