architecture,evaluation,family,precision,recall,f1-score,support
cnn,in_domain,ChatGLM,0.9681978798586572,0.9256756756756757,0.9464594127806563,888.0
cnn,in_domain,Flan-T5,0.9497267759562842,0.9786036036036037,0.963948973932335,888.0
cnn,in_domain,MPT,0.9744444444444444,0.9876126126126126,0.9809843400447428,888.0
cnn,held_domain,ChatGLM,0.948051948051948,0.9733333333333334,0.9605263157894737,75.0
cnn,held_domain,Flan-T5,0.9733333333333334,0.9733333333333334,0.9733333333333334,75.0
cnn,held_domain,MPT,0.9863013698630136,0.96,0.972972972972973,75.0
lstm,in_domain,ChatGLM,0.917558886509636,0.9650900900900901,0.9407244785949506,888.0
lstm,in_domain,Flan-T5,0.9678899082568807,0.9504504504504504,0.9590909090909091,888.0
lstm,in_domain,MPT,0.9941724941724942,0.9605855855855856,0.97709049255441,888.0
lstm,held_domain,ChatGLM,0.9135802469135802,0.9866666666666667,0.9487179487179487,75.0
lstm,held_domain,Flan-T5,0.9863013698630136,0.96,0.972972972972973,75.0
lstm,held_domain,MPT,0.9859154929577465,0.9333333333333333,0.958904109589041,75.0
